<?xml version='1.0' encoding='UTF-8'?>
<ADRESSES_CLIENTS>
	<ADRESSE_CLIENT>
		<ID_ADRESSE_CLIENT>1</ID_ADRESSE_CLIENT>
		<ADRESSE_CLIENT>1 avenue de normandie, Les Ulis</ADRESSE_CLIENT>
	</ADRESSE_CLIENT>
	<ADRESSE_CLIENT>
		<ID_ADRESSE_CLIENT>2</ID_ADRESSE_CLIENT>
		<ADRESSE_CLIENT>4 Av. du Berry, 91940 Les Ulis</ADRESSE_CLIENT>
	</ADRESSE_CLIENT>
	<ADRESSE_CLIENT>
		<ID_ADRESSE_CLIENT>3</ID_ADRESSE_CLIENT>
		<ADRESSE_CLIENT>ZAC De Beauplan, 78470 Saint-Rémy-lès-Chevreuse</ADRESSE_CLIENT>
	</ADRESSE_CLIENT>
	<ADRESSE_CLIENT>
		<ID_ADRESSE_CLIENT>4</ID_ADRESSE_CLIENT>
		<ADRESSE_CLIENT>23 Rue de la Pompe, 75116 Paris</ADRESSE_CLIENT>
	</ADRESSE_CLIENT>
	<ADRESSE_CLIENT>
		<ID_ADRESSE_CLIENT>5</ID_ADRESSE_CLIENT>
		<ADRESSE_CLIENT>45 Quai de la Tournelle, 75005 Paris</ADRESSE_CLIENT>
	</ADRESSE_CLIENT>
</ADRESSES_CLIENTS>